cpf,email,nome
44826040547,florence_ortiz@live.com,Florence Ortiz
77964830740,edith_dawson@live.com,Edith Dawson
16538352065,alta_moore@yahoo.com,Alta Moore
27117082682,dollie_curry@live.com,Dollie Curry
63950073604,anne_pearson@hotmail.com,Anne Pearson
02432696506,edna_turner@live.com,Edna Turner
29536516322,vincent_flores@yahoo.com,Vincent Flores
56126400135,jason_gomez@outlook.com.br,Jason Gomez
80071130373,frank_boone@hotmail.com,Frank Boone
57173262623,frederick_fernandez@bol.com.br,Frederick Fernandez
10528979248,anthony_stevenson@outlook.com.br,Anthony Stevenson
31811612849,adeline_jackson@outlook.com.br,Adeline Jackson
35678331892,nora_jenkins@gmail.com,Nora Jenkins
99578692137,luke_sims@live.com,Luke Sims
19846644507,daniel_goodman@outlook.com.br,Daniel Goodman
86798481310,larry_wheeler@hotmail.com,Larry Wheeler
31223803589,lewis_fisher@live.com,Lewis Fisher
53547307597,barbara_alvarez@hotmail.com,Barbara Alvarez
54656337609,cynthia_flores@outlook.com.br,Cynthia Flores
35753742793,ella_gilbert@yahoo.com,Ella Gilbert
96548126149,todd_patterson@yahoo.com,Todd Patterson
28004353568,rebecca_howell@bol.com.br,Rebecca Howell
37333909204,cecelia_murray@gmail.com,Cecelia Murray
70279428286,lucile_hubbard@yahoo.com,Lucile Hubbard
66123087533,jason_abbott@yahoo.com,Jason Abbott
48268989670,allen_jensen@yahoo.com,Allen Jensen
94431822208,ricardo_adkins@live.com,Ricardo Adkins
03895619400,nora_boone@live.com,Nora Boone
13822133361,lura_wilkerson@live.com,Lura Wilkerson
32450774831,cecilia_murray@bol.com.br,Cecilia Murray
75515507983,bryan_guzman@bol.com.br,Bryan Guzman
09167283233,mitchell_hart@yahoo.com,Mitchell Hart
68641552421,albert_francis@yahoo.com,Albert Francis
94856561812,violet_johnson@yahoo.com,Violet Johnson
51962924629,rachel_woods@yahoo.com,Rachel Woods
81849955980,sadie_norman@outlook.com.br,Sadie Norman
83575173826,jerry_armstrong@bol.com.br,Jerry Armstrong
26226104082,chris_bush@outlook.com.br,Chris Bush
22552807011,barbara_dawson@outlook.com.br,Barbara Dawson
75044906956,dominic_murray@hotmail.com,Dominic Murray
43397265592,miguel_bass@outlook.com.br,Miguel Bass
28010077062,ethan_berry@gmail.com,Ethan Berry
30593303440,scott_holt@live.com,Scott Holt
52064109501,dollie_pope@hotmail.com,Dollie Pope
71340961571,earl_lane@yahoo.com,Earl Lane
64639546408,marion_hodges@gmail.com,Marion Hodges
46794548305,may_sullivan@yahoo.com,May Sullivan
39858139578,adrian_carson@bol.com.br,Adrian Carson
66432096685,lois_reyes@yahoo.com,Lois Reyes
09115047539,john_park@outlook.com.br,John Park
41732254400,marvin_knight@bol.com.br,Marvin Knight
15674898774,jessie_vaughn@live.com,Jessie Vaughn
21188071637,brian_francis@yahoo.com,Brian Francis
94520403782,mattie_ross@outlook.com.br,Mattie Ross
37035217754,gary_dennis@live.com,Gary Dennis
39688982571,calvin_edwards@gmail.com,Calvin Edwards
99544284532,carl_fernandez@gmail.com,Carl Fernandez
14413770420,travis_cain@bol.com.br,Travis Cain
48435876489,timothy_stokes@bol.com.br,Timothy Stokes
95449487835,rebecca_murphy@gmail.com,Rebecca Murphy
08767434401,stanley_butler@yahoo.com,Stanley Butler
26256205600,alvin_bryan@gmail.com,Alvin Bryan
26432726689,blake_gutierrez@live.com,Blake Gutierrez
51974043452,sylvia_coleman@gmail.com,Sylvia Coleman
02371593176,todd_allen@yahoo.com,Todd Allen
77652006660,leon_wade@gmail.com,Leon Wade
77227403599,elnora_quinn@hotmail.com,Elnora Quinn
56258903908,bobby_long@bol.com.br,Bobby Long
05643190311,ida_ortiz@live.com,Ida Ortiz
80678328978,mamie_ruiz@hotmail.com,Mamie Ruiz
20885438485,jon_gross@live.com,Jon Gross
45733978929,jerry_fox@live.com,Jerry Fox
62328366007,lettie_brooks@gmail.com,Lettie Brooks
20523737300,alice_mendoza@outlook.com.br,Alice Mendoza
52532303514,katie_kelly@live.com,Katie Kelly
46271177107,allie_wallace@live.com,Allie Wallace
98506851238,tom_pratt@live.com,Tom Pratt
83625984504,lelia_barber@gmail.com,Lelia Barber
36218875393,adam_elliott@bol.com.br,Adam Elliott
05688006218,patrick_richardson@yahoo.com,Patrick Richardson
17962467436,warren_moreno@live.com,Warren Moreno
68678763400,jason_gray@outlook.com.br,Jason Gray
05944995939,anthony_butler@bol.com.br,Anthony Butler
53440552500,lester_romero@live.com,Lester Romero
57101366112,bill_valdez@gmail.com,Bill Valdez
21362447790,ricardo_hansen@outlook.com.br,Ricardo Hansen
08176406902,virgie_parks@bol.com.br,Virgie Parks
65400248519,lelia_pratt@live.com,Lelia Pratt
52175390543,mollie_mcdaniel@bol.com.br,Mollie McDaniel
10427168384,emma_horton@outlook.com.br,Emma Horton
92829478665,belle_cruz@gmail.com,Belle Cruz
55069034561,isabelle_butler@outlook.com.br,Isabelle Butler
71399333917,philip_hammond@yahoo.com,Philip Hammond
76910300106,louisa_hart@live.com,Louisa Hart
64884004280,peter_cobb@gmail.com,Peter Cobb
50399556265,flora_dawson@bol.com.br,Flora Dawson
28064459656,catherine_colon@gmail.com,Catherine Colon
47103158843,johnny_hammond@live.com,Johnny Hammond
24474322320,mason_guzman@gmail.com,Mason Guzman
50618781757,sophie_jackson@live.com,Sophie Jackson
89566034997,adam_ramsey@live.com,Adam Ramsey
12624839640,floyd_jensen@yahoo.com,Floyd Jensen
60558818960,ollie_mathis@outlook.com.br,Ollie Mathis
78901775425,alan_mcbride@gmail.com,Alan McBride
27225797743,brian_walker@live.com,Brian Walker
01974155986,nannie_dennis@live.com,Nannie Dennis
45333607346,lilly_curry@hotmail.com,Lilly Curry
71316936937,jeanette_jimenez@yahoo.com,Jeanette Jimenez
13936581134,caroline_ortiz@yahoo.com,Caroline Ortiz
78932406952,theresa_morton@bol.com.br,Theresa Morton
32056274230,dominic_carson@bol.com.br,Dominic Carson
66527798890,zachary_carr@hotmail.com,Zachary Carr
91066829799,carrie_graves@live.com,Carrie Graves
07065340180,mabel_steele@live.com,Mabel Steele
94742222075,georgia_price@outlook.com.br,Georgia Price
56423626588,brandon_lane@yahoo.com,Brandon Lane
71202979610,bessie_wise@live.com,Bessie Wise
52487236558,johanna_rivera@gmail.com,Johanna Rivera
55021199803,dollie_saunders@live.com,Dollie Saunders
92386880281,lida_lamb@live.com,Lida Lamb
88547397906,lawrence_becker@gmail.com,Lawrence Becker
47045437145,rhoda_mcgee@yahoo.com,Rhoda McGee
74710920842,aaron_hill@gmail.com,Aaron Hill
78162232001,polly_mitchell@live.com,Polly Mitchell
30572736967,sara_mckinney@bol.com.br,Sara McKinney
48586115312,maggie_fox@bol.com.br,Maggie Fox
95680807246,caroline_barrett@yahoo.com,Caroline Barrett
70733431763,ruby_barker@live.com,Ruby Barker
46241274201,cody_clark@hotmail.com,Cody Clark
26389895330,gene_perkins@yahoo.com,Gene Perkins
45233217791,harold_holmes@bol.com.br,Harold Holmes
53882074639,polly_casey@hotmail.com,Polly Casey
98144429842,tyler_james@live.com,Tyler James
31652359885,elizabeth_montgomery@gmail.com,Elizabeth Montgomery
76799894279,mildred_dixon@hotmail.com,Mildred Dixon
31875932674,mabelle_johnson@yahoo.com,Mabelle Johnson
66862176978,alberta_weber@outlook.com.br,Alberta Weber
45612616562,sean_porter@yahoo.com,Sean Porter
34627484836,lottie_bryant@live.com,Lottie Bryant
54500367446,jacob_elliott@bol.com.br,Jacob Elliott
16292787427,luella_mullins@bol.com.br,Luella Mullins
47711162880,jennie_james@yahoo.com,Jennie James
19328018552,norman_morton@hotmail.com,Norman Morton
22009364007,eunice_reid@gmail.com,Eunice Reid
88784474122,robert_farmer@outlook.com.br,Robert Farmer
84624941330,minnie_torres@yahoo.com,Minnie Torres
47264616800,oscar_hanson@hotmail.com,Oscar Hanson
41993654437,kyle_boyd@live.com,Kyle Boyd
26165762360,cody_patton@live.com,Cody Patton
87621170093,alfred_lee@yahoo.com,Alfred Lee
